{
  "IcoMoonType": "selection",
  "icons": [
    {
      "icon": {
        "paths": [
          "M1024 288c0 17.673-14.327 32-32 32v0h-960c-17.673 0-32-14.327-32-32s14.327-32 32-32v0h960c17.673 0 32 14.327 32 32v0zM1024 800c0 17.673-14.327 32-32 32v0h-960c-17.673 0-32-14.327-32-32s14.327-32 32-32v0h960c17.673 0 32 14.327 32 32v0zM1024 543.744c0 17.532-14.212 31.744-31.744 31.744v0h-960.512c-17.532 0-31.744-14.212-31.744-31.744s14.212-31.744 31.744-31.744v0h960.512c17.536 0 31.744 14.208 31.744 31.744z"
        ],
        "attrs": [
          {
            "fill": "rgb(72, 121, 150)"
          }
        ],
        "isMulticolor": false,
        "isMulticolor2": false,
        "grid": 0,
        "tags": [
          "menu"
        ],
        "colorPermutations": {
          "1402391721211501": [
            {
              "f": 0
            }
          ]
        }
      },
      "attrs": [
        {
          "fill": "rgb(72, 121, 150)"
        }
      ],
      "properties": {
        "order": 42,
        "id": 1,
        "name": "menu",
        "prevSize": 32
      },
      "setIdx": 0,
      "setId": 3,
      "iconIdx": 0
    },
    {
      "icon": {
        "paths": [
          "M923.307 697.458l-144.498-16.498c-3.976-0.496-8.579-0.779-13.247-0.779-31.27 0-59.576 12.691-80.049 33.203l-0.002 0.002-104.676 104.676c-162.241-83.722-291.177-212.658-372.652-370.124l-2.246-4.774 105.244-105.244c24.462-24.462 36.409-58.596 32.427-93.298l-16.498-143.36c-6.811-56.959-54.835-100.693-113.074-100.693-0.048 0-0.095 0-0.143 0l-98.41-0c-64.284 0-117.76 53.476-113.778 117.76 30.151 485.831 418.702 873.813 903.964 903.964 64.284 3.982 117.76-49.493 117.76-113.778v-98.418c0.569-57.458-42.667-105.813-100.124-112.64z"
        ],
        "attrs": [
          {
            "fill": "rgb(0, 140, 239)"
          }
        ],
        "isMulticolor": false,
        "isMulticolor2": false,
        "grid": 0,
        "tags": [
          "phone"
        ],
        "colorPermutations": {
          "1402391721211501": [
            {
              "f": 1
            }
          ]
        }
      },
      "attrs": [
        {
          "fill": "rgb(0, 140, 239)"
        }
      ],
      "properties": {
        "order": 41,
        "id": 0,
        "name": "phone",
        "prevSize": 32
      },
      "setIdx": 0,
      "setId": 3,
      "iconIdx": 1
    },
    {
      "icon": {
        "paths": [
          "M0 0h1228.8v1024h-1228.8z"
        ],
        "attrs": [
          {}
        ],
        "width": 1229,
        "isMulticolor": false,
        "isMulticolor2": false,
        "grid": 0,
        "tags": [
          "Header"
        ],
        "colorPermutations": {
          "2552552551331502431": [
            {}
          ]
        }
      },
      "attrs": [
        {}
      ],
      "properties": {
        "order": 40,
        "id": 6,
        "name": "Header",
        "prevSize": 32
      },
      "setIdx": 1,
      "setId": 2,
      "iconIdx": 0
    }
  ],
  "height": 1024,
  "preferences": {
    "showGlyphs": true,
    "showCodes": true,
    "showQuickUse": true,
    "showQuickUse2": true,
    "showSVGs": true,
    "fontPref": {
      "prefix": "icon-",
      "metadata": {},
      "metrics": {
        "emSize": 1024,
        "baseline": 6.25,
        "whitespace": 50
      }
    },
    "imagePref": {
      "prefix": "",
      "png": false,
      "useClassSelector": true,
      "color": 0,
      "bgColor": 16777215,
      "name": "svg-file",
      "classSelector": ".icon",
      "height": 32,
      "columns": 16,
      "margin": 16
    },
    "historySize": 50,
    "gridSize": 16
  }
}